{
  "type": "minecraft:crafting_shaped",
  "category": "equipment",
  "pattern": [
    "sls",
    "lgl",
    "lll"
  ],
  "key": {
    "s": "minecraft:string",
    "l": "minecraft:rabbit_hide",
    "g": "minecraft:shulker_shell"
  },
  "result": {
    "id": "minecraft:warped_fungus_on_a_stick",
    "count": 1,
    "components": {
      "minecraft:item_name": {"translate":"jbt:bag","fallback":"Mob Bag"},
      "minecraft:item_model": "jbt:mob_bag_empty",
      "minecraft:custom_data": {"jbt_bag":true,"smithed":{"ignore":{"functionality":true,"crafting":true}}},
      "!minecraft:max_damage": {}
    }
  }
}