{
  "display": {
    "icon": {
      "id": "minecraft:netherite_block"
    },
    "title": {
      "translate": "jbt:adv_break_trowel_title",
      "fallback": "Master Builder"
    },
    "frame": "challenge",
    "description": {
      "translate": "jbt:adv_break_trowel_desc",
      "fallback": "Break a diamond trowel enchanted with unbreaking III"
    },
    "show_toast": true,
    "announce_to_chat": true,
    "hidden": false
  },
  "parent": "jbt.trowel:visible/diamond_trowel",
  "criteria": {
    "requirement": {
      "trigger": "minecraft:impossible"
    }
  },
  "rewards": {
    "loot": [
      "jbt.hardhat:foreman_hardhat"
    ]
  }
}