{
  "type": "minecraft:crafting_shaped",
  "category": "equipment",
  "pattern": [
    "gtg",
    "gbg",
    "ggg"
  ],
  "key": {
    "g": "minecraft:tinted_glass",
    "t": "minecraft:terracotta",
    "b": "minecraft:experience_bottle"
  },
  "result": {
    "id": "minecraft:warped_fungus_on_a_stick",
    "count": 1,
    "components": {
      "minecraft:item_name": {"translate":"jbt:flask","fallback":"Experience Flask"},
      "minecraft:item_model": "jbt:experience_flask_0",
      "minecraft:custom_data": {"jbt_flask":true,"smithed":{"ignore":{"functionality":true,"crafting":true}}},
      "!minecraft:max_damage": {}
    }
  }
}