{
  "type": "minecraft:crafting_shaped",
  "category": "equipment",
  "pattern": [
    " ii",
    "pig"
  ],
  "key": {
    "p": "minecraft:light_weighted_pressure_plate",
    "g": "minecraft:gold_ingot",
    "i": "minecraft:iron_ingot"
  },
  "result": {
    "id": "minecraft:warped_fungus_on_a_stick",
    "count": 1,
    "components": {
      "minecraft:item_name": {"translate":"jbt:tape","fallback":"Tape Measure"},
      "minecraft:item_model": "jbt:tape_measure_in",
      "minecraft:custom_data": {"jbt_tape":true,"jbt_tape_open":false,"smithed":{"ignore":{"functionality":true,"crafting":true}}},
      "!minecraft:max_damage": {}
    }
  }
}