{
  "type": "minecraft:crafting_shaped",
  "category": "equipment",
  "pattern": [
    "e  ",
    "b  "
  ],
  "key": {
    "e": "minecraft:ender_eye",
    "b": "minecraft:bucket"
  },
  "result": {
    "id": "minecraft:warped_fungus_on_a_stick",
    "count": 1,
    "components": {
      "minecraft:item_name": {"translate":"jbt:bucket","fallback":"Void Bucket"},
      "minecraft:item_model": "jbt:void_bucket",
      "minecraft:custom_data": {"jbt_bucket":true,"smithed":{"ignore":{"functionality":true,"crafting":true}}},
      "!minecraft:max_damage": {}
    }
  }
}